{
    "stockData": {
        "commodities": {
            "Oil": 1918.94888977573,
            "Natural Gas": 3947.824052028253,
            "Ethanol": 925.6685127503448,
            "Coal": 735.3791894895636,
            "Uranium": 4718.3874235239855,
            "Gold": 2982.239889196497,
            "Silver": 1974.772107047466,
            "Platinum": 1965.7771587555717,
            "Copper": 9385.08994021508,
            "Palladium": 2814.7470372181224,
            "Rhodium": 3364.0650429699003,
            "Tin": 17327.439633067068,
            "Iron Ore": 1575.7348320708725,
            "Nickel": 16026.336587789616,
            "Zinc": 4092.081414757053,
            "Lumber": 2583.4189966870163,
            "Corn": 2337.41342477199,
            "Cocoa": 2424.9822046786558,
            "Rice": 188.87038148532446,
            "Acquaint Fate": 668.2261211610282,
            "1x1 Cardboard Slabs": 812.1312939832492,
            "IKEA Meatballs": 1584.5018069464766,
            "Gamer Girl Bathwater": 3119.6919223821155,
            "Mora": 2868.196661464556,
            "Unsalted Ocean Water": 1070.028307150094,
            "Sanitary Dirt": 2730.3187889500787,
            "Chussy": 2636.933381487161
        },
        "stocks": {
            "Big Moni Bizniz": 1515.5004589056157,
            "Sortiarius Archives": 850.5859846185277,
            "Three Springs Armory": 909.6931059585529,
            "SPD Records": 4868.600314229677,
            "Veluca Manufacturing": 946.1997743169957,
            "Gaul Mining": 2117.152619555948,
            "Rome Mining": 1436.3301432406001,
            "Arenthian Smithery": 2917.531669321685,
            "Volturn Fishery": 1965.6222211498703,
            "Yasu-WOW Group": 2508.5638213258358,
            "Clay Man Bank": 2000.08584682484,
            "Mimi Banking": 1115.9709595941442,
            "Gespenst Ketzer": 2235.6653381851825,
            "Tri-Tachyon Corp.": 2941.1474740888857,
            "DESPERADO Enterprises": 84.29858768189268,
            "BOG": 1000640.826781798,
            "Space Poker Inc.": 3060.7155376449064,
            "Favonius LLC.": 2241.2299504445923,
            "Furries-R-Us": 11272.762749355217,
            "Waifu Industries": 1724.0793029826082,
            "Cawl's Toasters": 1702.9099112072608,
            "Artificial Monetary Online Next Gen Universal Store": 27.494128871644577,
            "Saw Con.": 2267.3522849480664,
            "Z.M.F.": 1287.3334923373625,
            "WompWomp": 4728.469930901926,
            "Bored Monke Group": -500.0,
            "Nergal Laboratories": 90.39543922987204,
            "Widow Anchor Inc.": 4146.121853951715,
            "Rat Bioscience Inc.": 2278.8350179114627,
            "Tech Support Inc.": 3925.8851307484074,
            "Celadon Game Corner": -500.0,
            "Ahriman Corp.": 2170.266708344033,
            "Orsted Corp.": 1273.4293099478439,
            "Mechanicum Industries": 2424.4066813158024
        }
    },
    "oldStockData": {
        "commodities": {
            "Oil": 1948.7523866784418,
            "Natural Gas": 3958.653280665402,
            "Ethanol": 941.0493706725678,
            "Coal": 717.5175450085937,
            "Uranium": 4744.952993927197,
            "Gold": 3011.8285061664947,
            "Silver": 1968.6358255202695,
            "Platinum": 1978.984856122646,
            "Copper": 9384.190660174756,
            "Palladium": 2840.182279596959,
            "Rhodium": 3348.275626113269,
            "Tin": 17310.6353698709,
            "Iron Ore": 1594.1113063981372,
            "Nickel": 16047.831868159054,
            "Zinc": 4091.9730302752237,
            "Lumber": 2559.2276342995715,
            "Corn": 2351.017620253147,
            "Cocoa": 2450.5979840152454,
            "Rice": 191.33769031558452,
            "Acquaint Fate": 682.4465800298141,
            "1x1 Cardboard Slabs": 828.9788483309115,
            "IKEA Meatballs": 1580.3881732745735,
            "Gamer Girl Bathwater": 3142.4666136141986,
            "Mora": 2873.3199288774067,
            "Unsalted Ocean Water": 1088.439920349809,
            "Sanitary Dirt": 2738.3933592030294,
            "Chussy": 2607.7698106956373
        },
        "stocks": {
            "Big Moni Bizniz": 1497.2213417496575,
            "Sortiarius Archives": 869.6571801126199,
            "Three Springs Armory": 897.6666269145463,
            "SPD Records": 4869.282953916023,
            "Veluca Manufacturing": 964.327137771165,
            "Gaul Mining": 2090.4547811617035,
            "Rome Mining": 1411.5962536477518,
            "Arenthian Smithery": 2909.1852494232903,
            "Volturn Fishery": 1954.8192484473507,
            "Yasu-WOW Group": 2535.1300706160464,
            "Clay Man Bank": 1974.7870599719106,
            "Mimi Banking": 1109.3457397644236,
            "Gespenst Ketzer": 2255.2349510296995,
            "Tri-Tachyon Corp.": 2950.8491019094126,
            "DESPERADO Enterprises": 60.88588045802164,
            "BOG": 1000646.3740761931,
            "Space Poker Inc.": 3091.8741118079447,
            "Favonius LLC.": 2227.566489444815,
            "Furries-R-Us": 11296.547707215512,
            "Waifu Industries": 1729.9759569438552,
            "Cawl's Toasters": 1704.3248004486618,
            "Artificial Monetary Online Next Gen Universal Store": 16.772330502311533,
            "Saw Con.": 2268.8393634888675,
            "Z.M.F.": 1292.7291095603023,
            "WompWomp": 4718.920178845751,
            "Bored Monke Group": -500.0,
            "Nergal Laboratories": 90.44420937557956,
            "Widow Anchor Inc.": 4124.707542726241,
            "Rat Bioscience Inc.": 2820.4203378972725,
            "Tech Support Inc.": 4659.863299474409,
            "Celadon Game Corner": -500.0,
            "Ahriman Corp.": 2172.79684115174,
            "Orsted Corp.": 1250.8109004189598,
            "Mechanicum Industries": -500.0
        }
    },
    "stockChanges": {
        "commodities": {
            "Oil": -29.803496902711686,
            "Natural Gas": -10.829228637148844,
            "Ethanol": -15.380857922222958,
            "Coal": 17.861644480969858,
            "Uranium": -26.565570403211495,
            "Gold": -29.588616969997474,
            "Silver": 6.136281527196616,
            "Platinum": -13.207697367074388,
            "Copper": 0.8992800403248111,
            "Palladium": -25.435242378836392,
            "Rhodium": 15.789416856631306,
            "Tin": 16.804263196168904,
            "Iron Ore": -18.37647432726476,
            "Nickel": -21.49528036943775,
            "Zinc": 0.10838448182948923,
            "Lumber": 24.19136238744477,
            "Corn": -13.604195481157149,
            "Cocoa": -25.61577933658964,
            "Rice": -2.467308830260066,
            "Acquaint Fate": -14.22045886878584,
            "1x1 Cardboard Slabs": -16.847554347662367,
            "IKEA Meatballs": 4.113633671903017,
            "Gamer Girl Bathwater": -22.774691232083114,
            "Mora": -5.12326741285051,
            "Unsalted Ocean Water": -18.41161319971502,
            "Sanitary Dirt": -8.074570252950707,
            "Chussy": 29.163570791523853
        },
        "stocks": {
            "Big Moni Bizniz": 18.279117155958147,
            "Sortiarius Archives": -19.071195494092194,
            "Three Springs Armory": 12.026479044006578,
            "SPD Records": -0.6826396863461923,
            "Veluca Manufacturing": -18.127363454169313,
            "Gaul Mining": 26.697838394244627,
            "Rome Mining": 24.7338895928483,
            "Arenthian Smithery": 8.346419898394743,
            "Volturn Fishery": 10.802972702519583,
            "Yasu-WOW Group": -26.566249290210635,
            "Clay Man Bank": 25.298786852929425,
            "Mimi Banking": 6.625219829720663,
            "Gespenst Ketzer": -19.569612844516996,
            "Tri-Tachyon Corp.": -9.701627820526937,