{
    "stockData": {
        "commodities": {
            "Oil": 3327.6865417964304,
            "Natural Gas": 5785.660255849206,
            "Ethanol": 1568.7452501988219,
            "Coal": 2100.4657310327225,
            "Uranium": 6900.699361322338,
            "Gold": 3677.479780392386,
            "Silver": 4680.9700017478835,
            "Platinum": 1117.6473189656201,
            "Copper": 8415.121568824125,
            "Palladium": 2462.9381567142777,
            "Rhodium": 6889.272994056537,
            "Tin": 16485.443131980403,
            "Iron Ore": 3416.8433800366574,
            "Nickel": 17871.59102639213,
            "Zinc": 3773.440352436999,
            "Lumber": 94.17196573565766,
            "Corn": 1387.0977912158694,
            "Cocoa": 3918.8734166731256,
            "Rice": 1686.5362578244883,
            "Acquaint Fate": 401.18270477247614,
            "1x1 Cardboard Slabs": 4285.964418403088,
            "IKEA Meatballs": 1666.8950904568924,
            "Gamer Girl Bathwater": 4627.962862611176,
            "Mora": 5269.102161929901,
            "Unsalted Ocean Water": 4634.716102754282,
            "Sanitary Dirt": 5360.651397032277,
            "Chussy": 6189.484390829652,
            "10 Drop Kuzan": 68.19588282891121,
            "Dust": 70.30099720309157
        },
        "stocks": {
            "Big Moni Bizniz": 2366.808334261975,
            "Sortiarius Archives": 2473.016093423269,
            "Three Springs Armory": -14.147347965082204,
            "SPD Records": 4305.995027057165,
            "Veluca Manufacturing": 4150.680202540899,
            "Gaul Mining": 1571.935863095536,
            "Rome Mining": 1496.1215072220293,
            "Arenthian Smithery": 1692.4801313883731,
            "Volturn Fishery": 1562.791103765432,
            "Yasu-WOW Group": 3873.694878178856,
            "Clay Man Bank": 4395.611335191995,
            "Mimi Banking": 3218.8900892757224,
            "Gespenst Ketzer": 3453.124554500577,
            "Tri-Tachyon Corp.": 5190.091810076855,
            "DESPERADO Enterprises": 2813.970951050574,
            "BOG": 1002444.6559817316,
            "Space Poker Inc.": 2318.3283522424063,
            "Favonius LLC.": 5409.579385712414,
            "Furries-R-Us": 13054.586558647434,
            "Waifu Industries": 258.4500542002881,
            "Cawl's Toasters": 4896.955554778848,
            "Artificial Monetary Online Next Gen Universal Store": 1271.3382798159564,
            "Saw Con.": 1454.5239994318454,
            "Z.M.F.": 847.8321872772357,
            "WompWomp": 5371.5546031103595,
            "Bored Monke Group": 9554.300374504075,
            "Nergal Laboratories": 4180.773870809819,
            "Widow Anchor Inc.": 6370.315606834779,
            "Rat Bioscience Inc.": 3170.1603239089904,
            "Tech Support Inc.": -500.0,
            "Celadon Game Corner": 3443.479347236023,
            "Ahriman Corp.": 1129.951488378173,
            "Orsted Corp.": 2206.0929211338944,
            "Mechanicum Industries": 3519.1789012865397,
            "Pire Pisting Group": 5.5884130302477075,
            "McCarthy Moments LLC.": 29.46090413385787,
            "Minas Computing": -4.406700692646673
        }
    },
    "oldStockData": {
        "commodities": {
            "Oil": 3327.8510500842417,
            "Natural Gas": 5792.083314069034,
            "Ethanol": 1537.3195406335874,
            "Coal": 2122.7906087252604,
            "Uranium": 6920.809119469168,
            "Gold": 3680.8039894612316,
            "Silver": 4653.2596458245725,
            "Platinum": 1138.5652502772566,
            "Copper": 8444.853658295015,
            "Palladium": 2431.1126004845974,
            "Rhodium": 6909.505328403686,
            "Tin": 16500.246354578852,
            "Iron Ore": 3402.9828295743673,
            "Nickel": 17860.01322092729,
            "Zinc": 3783.444678482101,
            "Lumber": 106.95803638774044,
            "Corn": 1402.1678622426907,
            "Cocoa": 3947.831196407114,
            "Rice": 1677.529100386041,
            "Acquaint Fate": 383.72386640326454,
            "1x1 Cardboard Slabs": 4264.337585906221,
            "IKEA Meatballs": 1662.5146803113741,
            "Gamer Girl Bathwater": 4613.711950210139,
            "Mora": 5258.610570392981,
            "Unsalted Ocean Water": 4634.180322798835,
            "Sanitary Dirt": 5376.982205897542,
            "Chussy": 6185.631647402098,
            "10 Drop Kuzan": 75.06391848937514,
            "Dust": 62.66769497813112
        },
        "stocks": {
            "Big Moni Bizniz": 2347.203167235474,
            "Sortiarius Archives": 2479.2546178330454,
            "Three Springs Armory": -2.983647778602581,
            "SPD Records": 4286.179289879615,
            "Veluca Manufacturing": 4169.111938758938,
            "Gaul Mining": 1602.8324195351695,
            "Rome Mining": 1515.1604980412462,
            "Arenthian Smithery": 1660.7601365702117,
            "Volturn Fishery": 1535.2801936366118,
            "Yasu-WOW Group": 3872.5010611673447,
            "Clay Man Bank": 4412.45061190329,
            "Mimi Banking": 3203.7159212551437,
            "Gespenst Ketzer": 3449.082090246109,
            "Tri-Tachyon Corp.": 5204.252956271206,
            "DESPERADO Enterprises": 2785.468197771833,
            "BOG": 1002473.6475652676,
            "Space Poker Inc.": 2333.0482693163135,
            "Favonius LLC.": 5384.101201705322,
            "Furries-R-Us": 13065.33096596581,
            "Waifu Industries": 261.60649861138467,
            "Cawl's Toasters": 4894.081125050252,
            "Artificial Monetary Online Next Gen Universal Store": 1302.5689991083482,
            "Saw Con.": 1480.7972673984489,
            "Z.M.F.": 831.3737951741315,
            "WompWomp": 5403.194571319959,
            "Bored Monke Group": 6617.341009894126,
            "Nergal Laboratories": 4187.651329462841,
            "Widow Anchor Inc.": 6353.792170383258,
            "Rat Bioscience Inc.": 3870.9026375146523,
            "Tech Support Inc.": 222.02382353018515,
            "Celadon Game Corner": 4267.917374297184,
            "Ahriman Corp.": 1122.3996799735833,
            "Orsted Corp.": 2203.5759746099716,
            "Mechanicum Industries": 3948.52968103488,
            "Pire Pisting Group": -6.390956574069328,
            "McCarthy Moments LLC.": 31.259316468796683,
            "Minas Computing": 17.71163573133059
        }
    },
    "stockChanges": {
        "commodities": {
            "Oil": -0.16450828781125892,
            "Natural Gas": -6.423058219827908,
            "Ethanol": 31.425709565234456,
            "Coal": -22.32487769253794,
            "Uranium": -20.109758146830245,
            "Gold": -3.324209068845448,
            "Silver": 27.710355923311,
            "Platinum": -20.917931311636494,
            "Copper": -29.73208947089006,
            "Palladium": 31.825556229680387,
            "Rhodium": -20.232334347148935,
            "Tin": -14.803222598449793,
            "Iron Ore": 13.86055046229012,
            "Nickel": 11.577805464839912,
            "Zinc": -10.004326045102061,
            "Lumber": -12.78607065208277,
            "Corn": -15.070071026821324,
            "Cocoa": -28.957779733988446,
            "Rice": 9.007157438447393,
            "Acquaint Fate": 17.458838369211605,
            "1x1 Cardboard Slabs": 21.626832496866882,
            "IKEA Meatballs": 4.380410145518226,
            "Gamer Girl Bathwater": 14.250912401037567,
            "Mora": 10.491591536920168,
            "Unsalted Ocean Water": 0.535779955446742,
            "Sanitary Dirt": -16.33080886526568,
            "Chussy": 3.8527434275538326,
            "10 Drop Kuzan": -6.868035660463931,
            "Dust": 7.6333022249604525
        },
        "stocks": {
            "Big Moni Bizniz": 19.605167026500567,
            "Sortiarius Archives": -6.238524409776346,