{
    "stockData": {
        "commodities": {
            "Oil": 43.67,
            "Natural Gas": 2.0,
            "Ethanol": 1.17,
            "Coal": 51.7,
            "Uranium": 32.95,
            "Gold": 1962.75,
            "Silver": 24.1,
            "Platinum": 916.0,
            "Copper": 6446.25,
            "Palladium": 2111.0,
            "Rhodium": 2175.0,
            "Tin": 17088.0,
            "Iron Ore": 105.59,
            "Nickel": 13752.756624738387,
            "Zinc": 2301.1003229996622,
            "Lumber": 364.66320332226235,
            "Corn": 14.711437063001735,
            "Cocoa": 1627.907055327113,
            "Rice": 17.069877943333413
        },
        "stocks": {
            "Big Moni Bizniz": 420.0,
            "Sortiarius Archives": 99.99,
            "Three Springs Armory": 31.12,
            "SPD Records": 42.12,
            "Veluca Manufacturing": 21.42,
            "Gaul Mining": 39.03434979083841,
            "Rome Mining": 229.64562436259126,
            "Arenthian Smithery": 277.2936631472421,
            "Volturn Fishery": 11.415331811975747,
            "Yasu-WOW Group": 1.853710662289226,
            "Clay Man Bank": 39.69557915552069,
            "Mimi Banking": 84.95583795822093,
            "Gespenst Ketzer": 3.0721990531771888,
            "Tri-Tachyon Corp.": 1612.3027390841492,
            "DESPERADO Enterprises": 81.5898580502249,
            "BOG": 1000000.6513093628
        }
    },
    "oldStockData": {
        "commodities": {
            "Oil": 43.67,
            "Natural Gas": 2.0,
            "Ethanol": 1.17,
            "Coal": 51.7,
            "Uranium": 32.95,
            "Gold": 1962.75,
            "Silver": 24.1,
            "Platinum": 916.0,
            "Copper": 6446.25,
            "Palladium": 2111.0,
            "Rhodium": 2175.0,
            "Tin": 17088.0,
            "Iron Ore": 105.59,
            "Nickel": 13756.0,
            "Zinc": 2307.85,
            "Lumber": 364.0,
            "Corn": 3.16,
            "Cocoa": 1623.0,
            "Rice": 11.64
        },
        "stocks": {
            "Big Moni Bizniz": 420.0,
            "Sortiarius Archives": 99.99,
            "Three Springs Armory": 31.12,
            "SPD Records": 42.12,
            "Veluca Manufacturing": 21.42,
            "Gaul Mining": 44.44,
            "Rome Mining": 231.12,
            "Arenthian Smithery": 283.12,
            "Volturn Fishery": 18.44,
            "Yasu-WOW Group": 0.14,
            "Clay Man Bank": 43.42,
            "Mimi Banking": 82.0,
            "Gespenst Ketzer": 6.66,
            "Tri-Tachyon Corp.": 1602.05,
            "DESPERADO Enterprises": 90.21,
            "BOG": 1000000.0
        }
    },
    "stockChanges": {
        "commodities": {
            "Oil": 0.0,
            "Natural Gas": 0.0,
            "Ethanol": 0.0,
            "Coal": 0.0,
            "Uranium": 0.0,
            "Gold": 0.0,
            "Silver": 0.0,
            "Platinum": 0.0,
            "Copper": 0.0,
            "Palladium": 0.0,
            "Rhodium": 0.0,
            "Tin": 0.0,
            "Iron Ore": 0.0,
            "Nickel": -3.2433752616125275,
            "Zinc": -6.74967700033767,
            "Lumber": 0.6632033222623477,
            "Corn": 11.551437063001735,
            "Cocoa": 4.907055327113085,
            "Rice": 5.429877943333413
        },
        "stocks": {
            "Big Moni Bizniz": 0.0,
            "Sortiarius Archives": 0.0,
            "Three Springs Armory": 0.0,
            "SPD Records": 0.0,
            "Veluca Manufacturing": 0.0,
            "Gaul Mining": -5.4056502091615855,
            "Rome Mining": -1.4743756374087411,
            "Arenthian Smithery": -5.8263368527578905,
            "Volturn Fishery": -7.024668188024254,
            "Yasu-WOW Group": 1.713710662289226,
            "Clay Man Bank": -3.7244208444793117,
            "Mimi Banking": 2.9558379582209255,
            "Gespenst Ketzer": -3.5878009468228114,
            "Tri-Tachyon Corp.": 10.252739084149198,
            "DESPERADO Enterprises": -8.620141949775089,
            "BOG": 0.6513093628454953
        }
    },
    "stockSales": {
        "commodities": {
            "Oil": 0,
            "Silver": 0,
            "Natural Gas": 0,
            "Ethanol": 0,
            "Coal": 0,
            "Uranium": 0,
            "Gold": 0,
            "Platinum": 0,
            "Copper": 0,
            "Palladium": 0,
            "Rhodium": 0,
            "Tin": 0,
            "Iron Ore": 0,
            "Nickel": 0,
            "Zinc": 0,
            "Lumber": 0,
            "Corn": 0,
            "Cocoa": 0,
            "Rice": 0
        },
        "stocks": {
            "Big Moni Bizniz": 0,
            "Sortiarius Archives": 0,
            "Three Springs Armory": 0,
            "SPD Records": 0,
            "Veluca Manufacturing": 0,
            "Gaul Mining": 0,
            "Rome Mining": 0,
            "Arenthian Smithery": 0,
            "Volturn Fishery": 0,
            "Yasu-WOW Group": 0,
            "Clay Man Bank": 0,
            "Mimi Banking": 0,
            "Gespenst Ketzer": 0,
            "Tri-Tachyon Corp.": 0,
            "DESPERADO Enterprises": 0,
            "BOG": 0
        }
    },
    "lastCheck": "2021-07-08 21:59:02.686970"
}