{
    "stockData": {
        "commodities": {
            "Oil": 3339.171700074245,
            "Natural Gas": 5777.961936581137,
            "Ethanol": 1495.4791303854531,
            "Coal": 2149.081541828468,
            "Uranium": 6921.017939120928,
            "Gold": 3690.4280091373575,
            "Silver": 4610.03929711779,
            "Platinum": 1171.4963742962125,
            "Copper": 8478.023027748874,
            "Palladium": 2457.384138199798,
            "Rhodium": 6953.204969773132,
            "Tin": 16525.10599043571,
            "Iron Ore": 3414.660071887625,
            "Nickel": 17868.98458640422,
            "Zinc": 3838.7165166235827,
            "Lumber": 111.98610337935214,
            "Corn": 1407.4193875641704,
            "Cocoa": 3897.993758000575,
            "Rice": 1666.3661825568286,
            "Acquaint Fate": 398.25279768290255,
            "1x1 Cardboard Slabs": 4261.323270049453,
            "IKEA Meatballs": 1652.691089473826,
            "Gamer Girl Bathwater": 4619.062206158218,
            "Mora": 5237.210379411342,
            "Unsalted Ocean Water": 4640.580116795769,
            "Sanitary Dirt": 5389.810532752568,
            "Chussy": 6205.636109435138,
            "10 Drop Kuzan": 43.86176985645318,
            "Dust": 59.34755264911308
        },
        "stocks": {
            "Big Moni Bizniz": 2363.8656999739364,
            "Sortiarius Archives": 2487.57972239373,
            "Three Springs Armory": -13.998361700822947,
            "SPD Records": 4343.806500213744,
            "Veluca Manufacturing": 4125.2982911389945,
            "Gaul Mining": 1586.7812837994397,
            "Rome Mining": 1506.9648961164116,
            "Arenthian Smithery": 1695.3993579290075,
            "Volturn Fishery": 1559.4349459836633,
            "Yasu-WOW Group": 3851.6737026632454,
            "Clay Man Bank": 4425.342682714096,
            "Mimi Banking": 3228.5964667884527,
            "Gespenst Ketzer": 3470.9120270629587,
            "Tri-Tachyon Corp.": 5245.513542036002,
            "DESPERADO Enterprises": 2775.695820165629,
            "BOG": 1002481.5957793435,
            "Space Poker Inc.": 2318.5530235276606,
            "Favonius LLC.": 5384.924192985085,
            "Furries-R-Us": 13044.284937557832,
            "Waifu Industries": 290.47615174886306,
            "Cawl's Toasters": 4883.417965067163,
            "Artificial Monetary Online Next Gen Universal Store": 1285.6023911788664,
            "Saw Con.": 1478.0625918566038,
            "Z.M.F.": 845.543863150416,
            "WompWomp": 5405.059226812198,
            "Bored Monke Group": 7465.658336572207,
            "Nergal Laboratories": 4167.614539433928,
            "Widow Anchor Inc.": 6344.32736622867,
            "Rat Bioscience Inc.": 5411.296213966345,
            "Tech Support Inc.": -500.0,
            "Celadon Game Corner": 3897.153447362179,
            "Ahriman Corp.": 1141.7327734185433,
            "Orsted Corp.": 2156.750859204504,
            "Mechanicum Industries": 1213.3882707966068,
            "Pire Pisting Group": 36.569844758704306,
            "McCarthy Moments LLC.": 81.21665724407114,
            "Minas Computing": -3.976350322823528
        }
    },
    "oldStockData": {
        "commodities": {
            "Oil": 3359.1653531588045,
            "Natural Gas": 5755.343829035113,
            "Ethanol": 1517.3942218195161,
            "Coal": 2145.5634897260993,
            "Uranium": 6941.6599244954,
            "Gold": 3715.613323138349,
            "Silver": 4579.5380435846355,
            "Platinum": 1167.0919496011072,
            "Copper": 8479.005479204227,
            "Palladium": 2477.584056666077,
            "Rhodium": 6956.358788161698,
            "Tin": 16525.010632305693,
            "Iron Ore": 3387.2965070857445,
            "Nickel": 17871.331275636418,
            "Zinc": 3827.3113634099,
            "Lumber": 125.34807588862154,
            "Corn": 1381.1997932389493,
            "Cocoa": 3907.1481383935993,
            "Rice": 1690.4522452595318,
            "Acquaint Fate": 383.3688801610649,
            "1x1 Cardboard Slabs": 4278.785948646418,
            "IKEA Meatballs": 1624.4853089895337,
            "Gamer Girl Bathwater": 4614.47941672507,
            "Mora": 5241.969214917523,
            "Unsalted Ocean Water": 4666.27014853942,
            "Sanitary Dirt": 5377.860042545729,
            "Chussy": 6208.377301048608,
            "10 Drop Kuzan": 55.209130216012426,
            "Dust": 41.70407029083867
        },
        "stocks": {
            "Big Moni Bizniz": 2348.9428391246474,
            "Sortiarius Archives": 2482.6376359751353,
            "Three Springs Armory": -24.969235478739638,
            "SPD Records": 4357.005195141549,
            "Veluca Manufacturing": 4119.19936009561,
            "Gaul Mining": 1607.4146307620126,
            "Rome Mining": 1478.707217101916,
            "Arenthian Smithery": 1724.3992740336805,
            "Volturn Fishery": 1569.6087738083993,
            "Yasu-WOW Group": 3862.5390166602033,
            "Clay Man Bank": 4441.390632987106,
            "Mimi Banking": 3249.157426460322,
            "Gespenst Ketzer": 3495.207041144245,
            "Tri-Tachyon Corp.": 5233.188731495311,
            "DESPERADO Enterprises": 2800.789949011256,
            "BOG": 1002461.0639348493,
            "Space Poker Inc.": 2288.332266139618,
            "Favonius LLC.": 5371.1583637061385,
            "Furries-R-Us": 13049.336736600642,
            "Waifu Industries": 311.14769559671015,
            "Cawl's Toasters": 4906.614654274144,
            "Artificial Monetary Online Next Gen Universal Store": 1255.7789630424184,
            "Saw Con.": 1469.7178875970426,
            "Z.M.F.": 844.9016685998301,
            "WompWomp": 5414.729717853968,
            "Bored Monke Group": 7014.131882359383,
            "Nergal Laboratories": 4176.7169778788175,
            "Widow Anchor Inc.": 6348.478838868081,
            "Rat Bioscience Inc.": 4883.463768185388,
            "Tech Support Inc.": -500.0,
            "Celadon Game Corner": 3923.71009619005,
            "Ahriman Corp.": 1140.6690139271157,
            "Orsted Corp.": 2164.205226945465,
            "Mechanicum Industries": 1580.088807151431,
            "Pire Pisting Group": 33.983825237202524,
            "McCarthy Moments LLC.": 60.81822912950031,
            "Minas Computing": -35.07021473431061
        }
    },
    "stockChanges": {
        "commodities": {
            "Oil": -19.993653084559355,
            "Natural Gas": 22.618107546023566,
            "Ethanol": -21.915091434063015,
            "Coal": 3.5180521023685287,
            "Uranium": -20.641985374472824,
            "Gold": -25.18531400099164,
            "Silver": 30.50125353315434,
            "Platinum": 4.404424695105263,
            "Copper": -0.9824514553529298,
            "Palladium": -20.199918466278632,
            "Rhodium": -3.1538183885659237,
            "Tin": 0.09535813001639326,
            "Iron Ore": 27.36356480188033,
            "Nickel": -2.3466892321957857,
            "Zinc": 11.405153213682752,
            "Lumber": -13.361972509269393,
            "Corn": 26.219594325221124,
            "Cocoa": -9.15438039302444,
            "Rice": -24.086062702703202,
            "Acquaint Fate": 14.883917521837645,
            "1x1 Cardboard Slabs": -17.462678596964906,
            "IKEA Meatballs": 28.20578048429229,
            "Gamer Girl Bathwater": 4.582789433147809,
            "Mora": -4.758835506180731,
            "Unsalted Ocean Water": -25.69003174365116,
            "Sanitary Dirt": 11.950490206839277,
            "Chussy": -2.741191613470619,
            "10 Drop Kuzan": -11.347360359559246,
            "Dust": 17.643482358274404
        },
        "stocks": {
            "Big Moni Bizniz": 14.922860849289009,
            "Sortiarius Archives": 4.942086418594954,