{
    "stockData": {
        "commodities": {
            "Oil": 2699.509830838678,
            "Natural Gas": 4871.372462193487,
            "Ethanol": 728.5828051217812,
            "Coal": 2042.3371524239615,
            "Uranium": 6261.2703035512595,
            "Gold": 3809.4709546180748,
            "Silver": 3549.206028611696,
            "Platinum": 139.42119628192444,
            "Copper": 9028.236246115313,
            "Palladium": 2240.3609701875644,
            "Rhodium": 6307.057890289236,
            "Tin": 18366.011757972927,
            "Iron Ore": 2513.757125713759,
            "Nickel": 17586.199735252838,
            "Zinc": 4510.533545853831,
            "Lumber": 370.01206808916396,
            "Corn": 1859.367342906735,
            "Cocoa": 3336.150651170921,
            "Rice": 1877.0559819836424,
            "Acquaint Fate": 999.3680280410075,
            "1x1 Cardboard Slabs": 4486.0892962523985,
            "IKEA Meatballs": 1983.802519220732,
            "Gamer Girl Bathwater": 5241.404223043463,
            "Mora": 4710.323039613072,
            "Unsalted Ocean Water": 2804.0931250483404,
            "Sanitary Dirt": 4362.1510167097595,
            "Chussy": 3935.5511407244685
        },
        "stocks": {
            "Big Moni Bizniz": 2447.575537423666,
            "Sortiarius Archives": 2389.0323102806983,
            "Three Springs Armory": 875.0001856575595,
            "SPD Records": 4475.826175357283,
            "Veluca Manufacturing": 3642.234949321599,
            "Gaul Mining": 1670.9504176383589,
            "Rome Mining": 2996.8422466949164,
            "Arenthian Smithery": 1183.3717552428132,
            "Volturn Fishery": 1596.9239807260822,
            "Yasu-WOW Group": 2303.6964806378837,
            "Clay Man Bank": 4352.458435560743,
            "Mimi Banking": 2550.57598339677,
            "Gespenst Ketzer": 4200.37584327987,
            "Tri-Tachyon Corp.": 5851.839865193622,
            "DESPERADO Enterprises": 1919.3860699944394,
            "BOG": 1001031.6683326908,
            "Space Poker Inc.": 2986.076856447639,
            "Favonius LLC.": 4539.751223802477,
            "Furries-R-Us": 12244.738212178956,
            "Waifu Industries": 686.6105513395252,
            "Cawl's Toasters": 2138.5384355710494,
            "Artificial Monetary Online Next Gen Universal Store": 46.54819279696485,
            "Saw Con.": 1260.9159568992109,
            "Z.M.F.": 1481.5338763797915,
            "WompWomp": 5108.810710980251,
            "Bored Monke Group": -500.0,
            "Nergal Laboratories": 2280.212543695313,
            "Widow Anchor Inc.": 5769.256024430904,
            "Rat Bioscience Inc.": 5267.30102939712,
            "Tech Support Inc.": 1563.2869778658333,
            "Celadon Game Corner": 9243.436939263062,
            "Ahriman Corp.": 1015.894383190459,
            "Orsted Corp.": 1868.895601684553,
            "Mechanicum Industries": 3180.4954820946778
        }
    },
    "oldStockData": {
        "commodities": {
            "Oil": 2682.4212969660502,
            "Natural Gas": 4847.337466717064,
            "Ethanol": 751.7633036656028,
            "Coal": 2011.7624922191367,
            "Uranium": 6258.227683067139,
            "Gold": 3833.620230165135,
            "Silver": 3529.9197558534374,
            "Platinum": 164.510510597584,
            "Copper": 9024.071586336857,
            "Palladium": 2247.941798551967,
            "Rhodium": 6299.633034393659,
            "Tin": 18342.423554255864,
            "Iron Ore": 2492.30035333137,
            "Nickel": 17578.85209873698,
            "Zinc": 4506.331331429065,
            "Lumber": 373.97225394444183,
            "Corn": 1875.7574284861903,
            "Cocoa": 3317.5829145755365,
            "Rice": 1864.75184344721,
            "Acquaint Fate": 969.9219039501423,
            "1x1 Cardboard Slabs": 4490.505421467645,
            "IKEA Meatballs": 1974.9074924750203,
            "Gamer Girl Bathwater": 5243.307943328556,
            "Mora": 4735.861155620413,
            "Unsalted Ocean Water": 2799.0537768181593,
            "Sanitary Dirt": 4347.484980374769,
            "Chussy": 3931.556531838552
        },
        "stocks": {
            "Big Moni Bizniz": 2477.2187578260114,
            "Sortiarius Archives": 2377.2916922507607,
            "Three Springs Armory": 877.8219619476733,
            "SPD Records": 4504.344505075262,
            "Veluca Manufacturing": 3668.703008631215,
            "Gaul Mining": 1653.2881481341335,
            "Rome Mining": 3005.1754643569648,
            "Arenthian Smithery": 1181.2995509003065,
            "Volturn Fishery": 1587.5155256388139,
            "Yasu-WOW Group": 2285.071596889602,
            "Clay Man Bank": 4372.462249988787,
            "Mimi Banking": 2551.4045135074125,
            "Gespenst Ketzer": 4228.27669481686,
            "Tri-Tachyon Corp.": 5846.537475579377,
            "DESPERADO Enterprises": 1926.904775351931,
            "BOG": 1001021.0946629405,
            "Space Poker Inc.": 2959.202117222645,
            "Favonius LLC.": 4554.89713989239,
            "Furries-R-Us": 12274.307666595,
            "Waifu Industries": 684.9492898328183,
            "Cawl's Toasters": 2112.364860995431,
            "Artificial Monetary Online Next Gen Universal Store": 75.52301562607157,
            "Saw Con.": 1257.2633300588202,
            "Z.M.F.": 1470.7342195597307,
            "WompWomp": 5101.272700175766,
            "Bored Monke Group": -500.0,
            "Nergal Laboratories": 2273.0562037120035,
            "Widow Anchor Inc.": 5744.993476734262,
            "Rat Bioscience Inc.": 2764.045582628529,
            "Tech Support Inc.": 2757.0656831153165,
            "Celadon Game Corner": 9285.205541108598,
            "Ahriman Corp.": 1037.1743522980923,
            "Orsted Corp.": 1843.7242463581817,
            "Mechanicum Industries": 1794.7387047449286
        }
    },
    "stockChanges": {
        "commodities": {
            "Oil": 17.088533872627977,
            "Natural Gas": 24.03499547642332,
            "Ethanol": -23.180498543821614,
            "Coal": 30.574660204824795,
            "Uranium": 3.0426204841205617,
            "Gold": -24.14927554706037,
            "Silver": 19.286272758258747,
            "Platinum": -25.08931431565955,
            "Copper": 4.164659778456553,
            "Palladium": -7.580828364402805,
            "Rhodium": 7.424855895576911,
            "Tin": 23.588203717063152,
            "Iron Ore": 21.456772382388863,
            "Nickel": 7.3476365158567205,
            "Zinc": 4.202214424765771,
            "Lumber": -3.960185855277871,
            "Corn": -16.390085579455217,
            "Cocoa": 18.567736595384304,
            "Rice": 12.304138536432447,
            "Acquaint Fate": 29.44612409086517,
            "1x1 Cardboard Slabs": -4.416125215246211,
            "IKEA Meatballs": 8.895026745711675,
            "Gamer Girl Bathwater": -1.9037202850922768,
            "Mora": -25.53811600734116,
            "Unsalted Ocean Water": 5.039348230181076,
            "Sanitary Dirt": 14.666036334990167,
            "Chussy": 3.9946088859164774
        },
        "stocks": {
            "Big Moni Bizniz": -29.643220402345378,
            "Sortiarius Archives": 11.74061802993765,
            "Three Springs Armory": -2.821776290113803,
            "SPD Records": -28.518329717978304,
            "Veluca Manufacturing": -26.468059309616365,
            "Gaul Mining": 17.662269504225378,
            "Rome Mining": -8.333217662048355,
            "Arenthian Smithery": 2.072204342506666,
            "Volturn Fishery": 9.408455087268294,
            "Yasu-WOW Group": 18.624883748281718,
            "Clay Man Bank": -20.00381442804428,
            "Mimi Banking": -0.8285301106425322,
            "Gespenst Ketzer": -27.90085153698965,
            "Tri-Tachyon Corp.": 5.30238961424493,