{
    "stockData": {
        "commodities": {
            "Oil": 3301.850784541171,
            "Natural Gas": 5799.8148519473025,
            "Ethanol": 1588.6230475702125,
            "Coal": 2071.0774982124444,
            "Uranium": 6916.924779610234,
            "Gold": 3649.370882201336,
            "Silver": 4662.465625222626,
            "Platinum": 1128.727359246606,
            "Copper": 8412.103118391597,
            "Palladium": 2444.3419929299184,
            "Rhodium": 6903.410096368523,
            "Tin": 16507.23665652314,
            "Iron Ore": 3421.3533612146807,
            "Nickel": 17892.811726384385,
            "Zinc": 3779.7797893848015,
            "Lumber": 91.83740572769514,
            "Corn": 1391.0073425348914,
            "Cocoa": 3893.502511697841,
            "Rice": 1685.1888342959887,
            "Acquaint Fate": 382.54144731012764,
            "1x1 Cardboard Slabs": 4302.282781872505,
            "IKEA Meatballs": 1655.3006290336123,
            "Gamer Girl Bathwater": 4649.066172082436,
            "Mora": 5269.046790612838,
            "Unsalted Ocean Water": 4642.957140373117,
            "Sanitary Dirt": 5345.379638131107,
            "Chussy": 6179.85222258177,
            "10 Drop Kuzan": 94.54608721334267,
            "Dust": 58.32674298635952
        },
        "stocks": {
            "Big Moni Bizniz": 2358.6060196358108,
            "Sortiarius Archives": 2465.3490770492012,
            "Three Springs Armory": -29.147683321581376,
            "SPD Records": 4321.111004772256,
            "Veluca Manufacturing": 4158.1083217687,
            "Gaul Mining": 1565.0574239485215,
            "Rome Mining": 1501.6587456299849,
            "Arenthian Smithery": 1722.8451393927216,
            "Volturn Fishery": 1545.7044461784226,
            "Yasu-WOW Group": 3861.6630022291565,
            "Clay Man Bank": 4408.028564467961,
            "Mimi Banking": 3241.1747867270574,
            "Gespenst Ketzer": 3432.824591016286,
            "Tri-Tachyon Corp.": 5191.951840319735,
            "DESPERADO Enterprises": 2823.5408407548744,
            "BOG": 1002453.358281505,
            "Space Poker Inc.": 2327.3575218790043,
            "Favonius LLC.": 5386.2352534437205,
            "Furries-R-Us": 13064.55951350078,
            "Waifu Industries": 277.3600160523872,
            "Cawl's Toasters": 4898.892734704019,
            "Artificial Monetary Online Next Gen Universal Store": 1300.326984095612,
            "Saw Con.": 1484.3371025336044,
            "Z.M.F.": 853.2038718853347,
            "WompWomp": 5388.750196236178,
            "Bored Monke Group": 11584.64128325582,
            "Nergal Laboratories": 4206.488702340273,
            "Widow Anchor Inc.": 6393.491727739853,
            "Rat Bioscience Inc.": 3348.9190572133693,
            "Tech Support Inc.": -500.0,
            "Celadon Game Corner": 4987.754949009614,
            "Ahriman Corp.": 1101.443709255143,
            "Orsted Corp.": 2187.455234119905,
            "Mechanicum Industries": 2047.7304042155733,
            "Pire Pisting Group": 25.22356449224533,
            "McCarthy Moments LLC.": 14.75618334871534,
            "Minas Computing": -0.2754864546580933
        }
    },
    "oldStockData": {
        "commodities": {
            "Oil": 3327.6865417964304,
            "Natural Gas": 5785.660255849206,
            "Ethanol": 1568.7452501988219,
            "Coal": 2100.4657310327225,
            "Uranium": 6900.699361322338,
            "Gold": 3677.479780392386,
            "Silver": 4680.9700017478835,
            "Platinum": 1117.6473189656201,
            "Copper": 8415.121568824125,
            "Palladium": 2462.9381567142777,
            "Rhodium": 6889.272994056537,
            "Tin": 16485.443131980403,
            "Iron Ore": 3416.8433800366574,
            "Nickel": 17871.59102639213,
            "Zinc": 3773.440352436999,
            "Lumber": 94.17196573565766,
            "Corn": 1387.0977912158694,
            "Cocoa": 3918.8734166731256,
            "Rice": 1686.5362578244883,
            "Acquaint Fate": 401.18270477247614,
            "1x1 Cardboard Slabs": 4285.964418403088,
            "IKEA Meatballs": 1666.8950904568924,
            "Gamer Girl Bathwater": 4627.962862611176,
            "Mora": 5269.102161929901,
            "Unsalted Ocean Water": 4634.716102754282,
            "Sanitary Dirt": 5360.651397032277,
            "Chussy": 6189.484390829652,
            "10 Drop Kuzan": 68.19588282891121,
            "Dust": 70.30099720309157
        },
        "stocks": {
            "Big Moni Bizniz": 2366.808334261975,
            "Sortiarius Archives": 2473.016093423269,
            "Three Springs Armory": -14.147347965082204,
            "SPD Records": 4305.995027057165,
            "Veluca Manufacturing": 4150.680202540899,
            "Gaul Mining": 1571.935863095536,
            "Rome Mining": 1496.1215072220293,
            "Arenthian Smithery": 1692.4801313883731,
            "Volturn Fishery": 1562.791103765432,
            "Yasu-WOW Group": 3873.694878178856,
            "Clay Man Bank": 4395.611335191995,
            "Mimi Banking": 3218.8900892757224,
            "Gespenst Ketzer": 3453.124554500577,
            "Tri-Tachyon Corp.": 5190.091810076855,
            "DESPERADO Enterprises": 2813.970951050574,
            "BOG": 1002444.6559817316,
            "Space Poker Inc.": 2318.3283522424063,
            "Favonius LLC.": 5409.579385712414,
            "Furries-R-Us": 13054.586558647434,
            "Waifu Industries": 258.4500542002881,
            "Cawl's Toasters": 4896.955554778848,
            "Artificial Monetary Online Next Gen Universal Store": 1271.3382798159564,
            "Saw Con.": 1454.5239994318454,
            "Z.M.F.": 847.8321872772357,
            "WompWomp": 5371.5546031103595,
            "Bored Monke Group": 9554.300374504075,
            "Nergal Laboratories": 4180.773870809819,
            "Widow Anchor Inc.": 6370.315606834779,
            "Rat Bioscience Inc.": 3170.1603239089904,
            "Tech Support Inc.": -500.0,
            "Celadon Game Corner": 3443.479347236023,
            "Ahriman Corp.": 1129.951488378173,
            "Orsted Corp.": 2206.0929211338944,
            "Mechanicum Industries": 3519.1789012865397,
            "Pire Pisting Group": 5.5884130302477075,
            "McCarthy Moments LLC.": 29.46090413385787,
            "Minas Computing": -4.406700692646673
        }
    },
    "stockChanges": {
        "commodities": {
            "Oil": -25.835757255259523,
            "Natural Gas": 14.15459609809659,
            "Ethanol": 19.87779737139067,
            "Coal": -29.388232820278063,
            "Uranium": 16.22541828789599,
            "Gold": -28.10889819105023,
            "Silver": -18.504376525257612,
            "Platinum": 11.08004028098594,
            "Copper": -3.0184504325279704,
            "Palladium": -18.596163784359305,
            "Rhodium": 14.137102311986382,
            "Tin": 21.793524542736122,
            "Iron Ore": 4.509981178023281,
            "Nickel": 21.220699992256414,
            "Zinc": 6.339436947802369,
            "Lumber": -2.334560007962523,
            "Corn": 3.909551319022057,
            "Cocoa": -25.370904975284702,
            "Rice": -1.3474235284995757,
            "Acquaint Fate": -18.641257462348506,
            "1x1 Cardboard Slabs": 16.318363469417818,
            "IKEA Meatballs": -11.594461423280109,
            "Gamer Girl Bathwater": 21.103309471260218,
            "Mora": -0.0553713170629635,
            "Unsalted Ocean Water": 8.241037618835435,
            "Sanitary Dirt": -15.27175890116996,
            "Chussy": -9.632168247881964,
            "10 Drop Kuzan": 26.350204384431464,
            "Dust": -11.97425421673205
        },
        "stocks": {
            "Big Moni Bizniz": -8.202314626164025,
            "Sortiarius Archives": -7.667016374067771,